{
  "generator-jhipster": {
    "applicationType": "monolith",
    "authenticationType": "jwt",
    "baseName": "DevOpsJavaDemo",
    "blueprints": [],
    "buildTool": "maven",
    "cacheProvider": "no",
    "clientFramework": "react",
    "clientPackageManager": "npm",
    "clientTheme": "none",
    "clientThemeVariant": "",
    "creationTimestamp": 1647496239341,
    "databaseType": "no",
    "devDatabaseType": "no",
    "devServerPort": 9060,
    "dtoSuffix": "DTO",
    "enableGradleEnterprise": false,
    "enableHibernateCache": false,
    "enableSwaggerCodegen": false,
    "enableTranslation": false,
    "entitySuffix": "",
    "gitCompany": "",
    "jhiPrefix": "jhi",
    "jhipsterVersion": "7.9.3",
    "jwtSecretKey": "N2E5OWE2MGI4Yjk5NzAwMjNlN2Q5NDFhM2UwN2Y0MzBlNTk0NjVlZGRjYzI3NjcwMTdjZTQxMzIxNGZlMTEwNDRjNzI1ZjY0MDI2NGYwYmRjZWJlNTlmM2UyZTJmZTZhYzc0OWY2ZGZmYmExY2QwNzEyZTUyYzI5YzU4ZjZmNzE=",
    "languages": ["en"],
    "messageBroker": false,
    "nativeLanguage": "en",
    "otherModules": [],
    "packageFolder": "com/mercedesbenz/now/devopsjavademo",
    "packageName": "com.mercedesbenz.now.devopsjavademo",
    "pages": [],
    "prodDatabaseType": "no",
    "reactive": false,
    "searchEngine": false,
    "serverPort": 8080,
    "serviceDiscoveryType": false,
    "skipCheckLengthOfIdentifier": false,
    "skipClient": false,
    "skipFakeData": false,
    "skipUserManagement": true,
    "testFrameworks": [],
    "useSass": true,
    "websocket": false,
    "withAdminUi": true
  }
}
